DATE,GOLDAMGBD228NLBM
1/9/17,1176.1
1/10/17,1183.2
1/11/17,1187.55
1/12/17,1206.65
1/13/17,1196.35
1/16/17,1202.75
1/17/17,1217.5
1/18/17,1212.5
1/19/17,1203.35
1/20/17,1199.1
1/23/17,1213.75
1/24/17,1213.3
1/25/17,1203.5
1/26/17,1191.55
1/27/17,1184.2
1/30/17,1189.85
1/31/17,1198.8
2/1/17,1210
2/2/17,1224.05
2/3/17,1213.05
2/6/17,1221.85
2/7/17,1231
2/8/17,1235.6
2/9/17,1241.75
2/10/17,1225.75
2/13/17,1229.4
2/14/17,1229.65
2/15/17,1225.15
2/16/17,1236.75
2/17/17,1241.4
2/20/17,1235.35
2/21/17,1228.7
2/22/17,1237.5
2/23/17,1237.35
2/24/17,1255.35
2/27/17,1256.25
2/28/17,1251.9
3/1/17,1246.05
3/2/17,1243.3
3/3/17,1228.75
3/6/17,1231.15
3/7/17,1223.7
3/8/17,1213.3
3/9/17,1204.6
3/10/17,1196.55
3/13/17,1207.8
3/14/17,1203.55
3/15/17,1202.25
3/16/17,1225.6
3/17/17,1228.75
3/20/17,1233
3/21/17,1232.05
3/22/17,1246.1
3/23/17,1247.9
3/24/17,1244
3/27/17,1256.9
3/28/17,1253.65
3/29/17,1252.9
3/30/17,1250.9
3/31/17,1241.7
4/3/17,1246.25
4/4/17,1258.65
4/5/17,1252.5
4/6/17,1253.75
4/7/17,1264.3
4/10/17,1253.6
4/11/17,1255.7
4/12/17,1272.3
4/13/17,1286.1
4/14/17,.
4/17/17,.
4/18/17,1285
4/19/17,1282.05
4/20/17,1279.9
4/21/17,1281.5
4/24/17,1271.8
4/25/17,1270.5
4/26/17,1264.95
4/27/17,1264.3
4/28/17,1265.55
5/1/17,.
5/2/17,1255.8
5/3/17,1253.95
5/4/17,1235.85
5/5/17,1239.4
5/8/17,1229.7
5/9/17,1225.15
5/10/17,1222.95
5/11/17,1221
5/12/17,1227.9
5/15/17,1231.5
5/16/17,1234.05
5/17/17,1244.6
5/18/17,1261.35
5/19/17,1251.85
5/22/17,1255.25
5/23/17,1259.9
5/24/17,1251.35
5/25/17,1257.1
5/26/17,1265
5/29/17,.
5/30/17,1262.8
5/31/17,1263.8
6/1/17,1266.15
6/2/17,1260.95
6/5/17,1280.7
6/6/17,1287.85
6/7/17,1292.7
6/8/17,1284.8
6/9/17,1274.25
6/12/17,1269.25
6/13/17,1261.3
6/14/17,1268.25
6/15/17,1260.25
6/16/17,1256.6
6/19/17,1251.1
6/20/17,1246.5
6/21/17,1247.05
6/22/17,1251.4
6/23/17,1256.3
6/26/17,1240.85
6/27/17,1250.4
6/28/17,1251.6
6/29/17,1246.6
6/30/17,1243.25
7/3/17,1235.2
7/4/17,1224.25
7/5/17,1221.9
7/6/17,1224.3
7/7/17,1220.4
7/10/17,1207.55
7/11/17,1211.9
7/12/17,1219.4
7/13/17,1221.4
7/14/17,1218.95
7/17/17,1229.85
7/18/17,1237.1
7/19/17,1239.85
7/20/17,1236.55
7/21/17,1247.25
7/24/17,1255.85
7/25/17,1252
7/26/17,1245.4
7/27/17,1262.05
7/28/17,1259.6
7/31/17,1266.35
8/1/17,1267.05
8/2/17,1266.65
8/3/17,1261.8
8/4/17,1269.3
8/7/17,1257.55
8/8/17,1261.45
8/9/17,1267.95
8/10/17,1278.9
8/11/17,1288.3
8/14/17,1281.1
8/15/17,.
8/16/17,1270.15
8/17/17,1285.9
8/18/17,1295.25
8/21/17,1287.6
8/22/17,1285.1
8/23/17,1286.45
8/24/17,1285.9
8/25/17,1287.05
8/28/17,.
8/29/17,1323.4
8/30/17,1310.6
8/31/17,1305.8
9/1/17,1318.4
9/4/17,1334.6
9/5/17,1331.15
9/6/17,1340.15
9/7/17,1340.45
9/8/17,1350.9
9/11/17,1338.75
9/12/17,1326.25
9/13/17,1332.25
9/14/17,1323
9/15/17,1325
9/18/17,1314.4
9/19/17,1308.45
9/20/17,1314.9
9/21/17,1297.35
9/22/17,1297
9/25/17,1295.5
9/26/17,1306.9
9/27/17,1291.3
9/28/17,1284.3
9/29/17,1286.95
10/2/17,1273.1
10/3/17,1270.7
10/4/17,1275.55
10/5/17,1278.4
10/6/17,1268.2
10/9/17,1282.15
10/10/17,1289.6
10/11/17,1290.2
10/12/17,1294.45
10/13/17,1293.9
10/16/17,1305.15
10/17/17,1289.7
10/18/17,1280.65
10/19/17,1283.4
10/20/17,1280.25
10/23/17,1275.25
10/24/17,1278.3
10/25/17,1273
10/26/17,1278
10/27/17,1267.8
10/30/17,1272.75
10/31/17,1274.4
11/1/17,1279.25
11/2/17,1276.4
11/3/17,1275.3
11/6/17,1271.6
11/7/17,1276.35
11/8/17,1282.25
11/9/17,1284
11/10/17,1284.45
11/13/17,1278.4
11/14/17,1273.7
11/15/17,1285.7
11/16/17,1277.7
11/17/17,1283.85
11/20/17,1292.35
11/21/17,1280
11/22/17,1283.95
11/23/17,1290.15
11/24/17,1289.15
11/27/17,1294.7
11/28/17,1293.9
11/29/17,1294.85
11/30/17,1282.15
12/1/17,1277.25
12/4/17,1279.1
12/5/17,1275.9
12/6/17,1268.55
12/7/17,1256.8
12/8/17,1245.85
12/11/17,1251.4
12/12/17,1243.4
12/13/17,1241.6
12/14/17,1255.6
12/15/17,1257.25
12/18/17,1258.65
12/19/17,1263.1
12/20/17,1265.95
12/21/17,1265.85
12/22/17,1268.05
12/25/17,.
12/26/17,.
12/27/17,1285.4
12/28/17,1291.6
12/29/17,1296.5
1/1/18,.
1/2/18,1312.8
1/3/18,1314.6
1/4/18,1313.7
1/5/18,1317.9
1/8/18,1318.8
1/9/18,1314.95
1/10/18,1321.65
1/11/18,1319.85
1/12/18,1332.9
1/15/18,1343
1/16/18,1334.95
1/17/18,1337.35
1/18/18,1329.75
1/19/18,1335.8
1/22/18,1334.15
1/23/18,1337.1
1/24/18,1350.5
1/25/18,1360.25
1/26/18,1354.35
1/29/18,1348.4
1/30/18,1345.7
1/31/18,1343.35
2/1/18,1341.1
2/2/18,1345
2/5/18,1337.1
2/6/18,1344.65
2/7/18,1328.5
2/8/18,1311.05
2/9/18,1316.05
2/12/18,1321.7
2/13/18,1329.4
2/14/18,1330.75
2/15/18,1353.7
2/16/18,1358.6
2/19/18,1347.4
2/20/18,1337.4
2/21/18,1328.6
2/22/18,1323.5
2/23/18,1328.9
2/26/18,1339.05
2/27/18,1332.75
2/28/18,1320.3
3/1/18,1311.25
3/2/18,1316.75
3/5/18,1326.3
3/6/18,1324.95
3/7/18,1332.5
3/8/18,1325.4
3/9/18,1319.35
3/12/18,1317.25
3/13/18,1318.7
3/14/18,1324.95
3/15/18,1323.35
3/16/18,1320.05
3/19/18,1311.7
3/20/18,1312.75
3/21/18,1316.35
3/22/18,1328.85
3/23/18,1342.35
3/26/18,1348.4
3/27/18,1350.65
3/28/18,1341.05
3/29/18,1323.9
3/30/18,.
4/2/18,.
4/3/18,1336.6
4/4/18,1343.15
4/5/18,1327.05
4/6/18,1325.6
4/9/18,1328.5
4/10/18,1335.95
4/11/18,1345.2
4/12/18,1345.9
4/13/18,1340.75
4/16/18,1344.4
4/17/18,1342.95
4/18/18,1346.55
4/19/18,1347.9
4/20/18,1340.15
4/23/18,1328
4/24/18,1327.35
4/25/18,1325.7
4/26/18,1321.9
4/27/18,1317.7
4/30/18,1316.25
5/1/18,1309.2
5/2/18,1310.75
5/3/18,1313.3
5/4/18,1309.35
5/7/18,.
5/8/18,1310.05
5/9/18,1306.85
5/10/18,1314.8
5/11/18,1324.8
5/14/18,1320.7
5/15/18,1310.05
5/16/18,1291.75
5/17/18,1288.85
5/18/18,1287.2
5/21/18,1285.85
5/22/18,1293.9
5/23/18,1294
5/24/18,1296.35
5/25/18,1303.95
5/28/18,.
5/29/18,1302.05
5/30/18,1298.6
5/31/18,1303.5
6/1/18,1299.15
6/4/18,1294.65
6/5/18,1292.25
6/6/18,1295.25
6/7/18,1298.3
6/8/18,1299.2
6/11/18,1296.05
6/12/18,1298.3
6/13/18,1294.4
6/14/18,1305.3
6/15/18,1300.1
6/18/18,1281.25
6/19/18,1279
6/20/18,1273.25
6/21/18,1263.7
6/22/18,1269.7
6/25/18,1269.8
6/26/18,1257.15
6/27/18,1256.8
6/28/18,1250.5
6/29/18,1250.55
7/2/18,1249
7/3/18,1245.85
7/4/18,1256.9
7/5/18,1252.5
7/6/18,1254.2
7/9/18,1262.6
7/10/18,1253.7
7/11/18,1250
7/12/18,1244.85
7/13/18,1240.5
7/16/18,1244.9
7/17/18,1243.65
7/18/18,1223.45
7/19/18,1217.4
7/20/18,1224.85
7/23/18,1229.45
7/24/18,1224.3
7/25/18,1230.55
7/26/18,1228.35
7/27/18,1219.15
7/30/18,1222.05
7/31/18,1219.2
8/1/18,1222.75
8/2/18,1217.6
8/3/18,1207.7
8/6/18,1212
8/7/18,1215.4
8/8/18,1212.35
8/9/18,1215.5
8/10/18,1211.65
8/13/18,1204.4
8/14/18,1195.3
8/15/18,1186.7
8/16/18,1179.65
8/17/18,1176.7
8/20/18,1188.75
8/21/18,1194.1
8/22/18,1196.85
8/23/18,1187.3
8/24/18,1189.95
8/27/18,.
8/28/18,1212.75
8/29/18,1204.3
8/30/18,1202.35
8/31/18,1206.85
9/3/18,1201.7
9/4/18,1195.75
9/5/18,1194.7
9/6/18,1204.3
9/7/18,1200.75
9/10/18,1195.8
9/11/18,1194
9/12/18,1197.8
9/13/18,1206.65
9/14/18,1206.2
9/17/18,1196.8
9/18/18,1199.4
9/19/18,1203
9/20/18,1203
9/21/18,1207.6
9/24/18,1198.75
9/25/18,1199.45
9/26/18,1198.8
9/27/18,1196
9/28/18,1183.5
10/1/18,1185.3
10/2/18,1192.65
10/3/18,1203.5
10/4/18,1199.45
10/5/18,1201.1
10/8/18,1194.8
10/9/18,1187.4
10/10/18,1186.4
10/11/18,1201.1
10/12/18,1218.75
10/15/18,1233
10/16/18,1228.85
10/17/18,1226.75
10/18/18,1224.6
10/19/18,1228.25
10/22/18,1222.9
10/23/18,1235.6
10/24/18,1231.65
10/25/18,1232.15
10/26/18,1236.05
10/29/18,1230.75
10/30/18,1220
10/31/18,1217.7
11/1/18,1223.25
11/2/18,1235.5
11/5/18,1231.6
11/6/18,1234.85
11/7/18,1235.05
11/8/18,1223.45
11/9/18,1219.05
11/12/18,1207.05
11/13/18,1197.55
11/14/18,1201.45
11/15/18,1210.6
11/16/18,1215.8
11/19/18,1223.55
11/20/18,1223.1
11/21/18,1224
11/22/18,1228.25
11/23/18,1222.15
11/26/18,1226.65
11/27/18,1225.05
11/28/18,1213.2
11/29/18,1226.45
11/30/18,1220.45
12/3/18,1231.05
12/4/18,1239.25
12/5/18,1236.15
12/6/18,1236.45
12/7/18,1241.2
12/10/18,1246.8
12/11/18,1248.25
12/12/18,1244.75
12/13/18,1244.45
12/14/18,1239.15
12/17/18,1239.1
12/18/18,1248.8
12/19/18,1248.6
12/20/18,1255
12/21/18,1257.6
12/24/18,1261.25
12/25/18,.
12/26/18,.
12/27/18,1271.1
12/28/18,1277.25
12/31/18,1281.65
1/1/19,.
1/2/19,1287.2
1/3/19,1287.95
1/4/19,1290.35
1/7/19,1291.5
1/8/19,1283.9
1/9/19,1281.3
1/10/19,1292.4
1/11/19,1292.8
1/14/19,1293.7
1/15/19,1289.35
1/16/19,1290.5
1/17/19,1294
1/18/19,1285.05
1/21/19,1278.7
1/22/19,1284.75
1/23/19,1284.9
1/24/19,1279.75
1/25/19,1282.95
1/28/19,1301
1/29/19,1308.35
1/30/19,1312.95
1/31/19,1322.5
2/1/19,1320.75
2/4/19,1311
2/5/19,1314
2/6/19,1313.35
2/7/19,1306.6
2/8/19,1311.1
2/11/19,1306.75
2/12/19,1311.6
2/13/19,1311.15
2/14/19,1305.65
2/15/19,1318
2/18/19,1323.95
2/19/19,1329.55
2/20/19,1345.75
2/21/19,1335.05
2/22/19,1322.25
2/25/19,1329.15
2/26/19,1327.55
2/27/19,1326.45
2/28/19,1325.45
3/1/19,1309.95
3/4/19,1287.45
3/5/19,1285
3/6/19,1285.55
3/7/19,1286.4
3/8/19,1294.1
3/11/19,1296.35
3/12/19,1296.95
3/13/19,1308.4
3/14/19,1299.2
3/15/19,1302.65
3/18/19,1305.35
3/19/19,1308.35
3/20/19,1303
3/21/19,1317.3
3/22/19,1311.1
3/25/19,1319.35
3/26/19,1315.25
3/27/19,1318.25
3/28/19,1306.9
3/29/19,1291.15
4/1/19,1291.9
4/2/19,1287.2
4/3/19,1291.85
4/4/19,1291.6
4/5/19,1288.9
4/8/19,1297.1
4/9/19,1301.85
4/10/19,1304.8
4/11/19,1304.65
4/12/19,1296.15
4/15/19,1286.75
4/16/19,1283.75
4/17/19,1276.1
4/18/19,1276.5
4/19/19,.
4/22/19,.
4/23/19,1273.45
4/24/19,1273.8
4/25/19,1277.85
4/26/19,1281.5
4/29/19,1282.15
4/30/19,1285.15
5/1/19,1281.8
5/2/19,1271.45
5/3/19,1270.05
5/6/19,.
5/7/19,1281.3
5/8/19,1287.75
5/9/19,1284.1
5/10/19,1285.4
5/13/19,1282.95
5/14/19,1297.6
5/15/19,1298.9
5/16/19,1295.55
5/17/19,1285.8
5/20/19,1275.25
5/21/19,1276
5/22/19,1274
5/23/19,1275.95
5/24/19,1281.5
5/27/19,.
5/28/19,1283.9
5/29/19,1283.5
5/30/19,1276.45
5/31/19,1296
6/3/19,1313.95
6/4/19,1323.6
6/5/19,1337.75
6/6/19,1336.65
6/7/19,1334.3
6/10/19,1328.6
6/11/19,1322.65
6/12/19,1336.65
6/13/19,1335.8
6/14/19,1352.45
6/17/19,1333.2
6/18/19,1344.55
6/19/19,1342.4
6/20/19,1381.65
6/21/19,1388.35
6/24/19,1405.45
6/25/19,1429.55
6/26/19,1406.75
6/27/19,1402.25
6/28/19,1413.2
7/1/19,1390.05
7/2/19,1393.1
7/3/19,1425.1
7/4/19,1415.25
7/5/19,1414.4
7/8/19,1404.9
7/9/19,1387.9
7/10/19,1395.45
7/11/19,1423.1
7/12/19,1405.6
7/15/19,1416.25
7/16/19,1416.1
7/17/19,1400.8
7/18/19,1420.9
7/19/19,1437.05
7/22/19,1424.45
7/23/19,1417.55
7/24/19,1425.55
7/25/19,1426.35
7/26/19,1418.25
7/29/19,1418.95
7/30/19,1428.45
7/31/19,1430.55
8/1/19,1406.4
8/2/19,1436.05
8/5/19,1457.45
8/6/19,1461.85
8/7/19,1487.65
8/8/19,1497.4
8/9/19,1503.5
8/12/19,1501.95
8/13/19,1527.2
8/14/19,1500.35
8/15/19,1517.65
8/16/19,1509.05
8/19/19,1499.35
8/20/19,1502.65
8/21/19,1499.65
8/22/19,1498.7
8/23/19,1495.5
8/26/19,.
8/27/19,1531.85
8/28/19,1541.75
8/29/19,1536.65
8/30/19,1526.55
9/2/19,1523.35
9/3/19,1532.45
9/4/19,1538.8
9/5/19,1542.6
9/6/19,1504.95
9/9/19,1509.95
9/10/19,1494.6
9/11/19,1493.65
9/12/19,1502.95
9/13/19,1506.3
9/16/19,1502.05
9/17/19,1499.3
9/18/19,1502.2
9/19/19,1498.4
9/20/19,1504.1
9/23/19,1519.5
9/24/19,1520.25
9/25/19,1530.85
9/26/19,1507.05
9/27/19,1496.15
9/30/19,1487.6
10/1/19,1466.1
10/2/19,1484.05
10/3/19,1504
10/4/19,1509.5
10/7/19,1502.15
10/8/19,1500
10/9/19,1503.4
10/10/19,1508.2
10/11/19,1498.35
10/14/19,1494.2
10/15/19,1494.75
10/16/19,1482.55
10/17/19,1484.45
10/18/19,.
10/21/19,1490.85
10/22/19,1487.45
10/23/19,1494.25
10/24/19,1488.85
10/25/19,1504.65
10/28/19,1505.05
10/29/19,1492.75
10/30/19,1490.15
10/31/19,1506.4
11/1/19,1509.85
11/4/19,1509.2
11/5/19,1504.6
11/6/19,1488.55
11/7/19,1484.1
11/8/19,1466.85
11/11/19,1465.5
11/12/19,1455
11/13/19,1463.45
11/14/19,1467.65
11/15/19,1465.6
11/18/19,1458.4
11/19/19,1464.9
11/20/19,1475.7
11/21/19,1468.9
11/22/19,1471.3
11/25/19,1459.45
11/26/19,1457.65
11/27/19,1459.8
11/28/19,1457.55
11/29/19,1456.35
12/2/19,1457.5
12/3/19,1470.4
12/4/19,1475.85
12/5/19,1474.6
12/6/19,1474.85
12/9/19,1463.6
12/10/19,1464.45
12/11/19,1468.05
12/12/19,1474.7
12/13/19,1470.6
12/16/19,1477.4
12/17/19,1478.4
12/18/19,1478.9
12/19/19,1474.4
12/20/19,1476.9
12/23/19,1483.95
12/24/19,1490.85
12/25/19,.
12/26/19,.
12/27/19,1510.6
12/30/19,1511.5
12/31/19,1523
1/1/20,.
1/2/20,1520.55
1/3/20,1547.4
1/6/20,1576.85
1/7/20,1566.5
1/8/20,1582.85
1/9/20,1547.85
1/10/20,1548.8
1/13/20,1550.35
1/14/20,1544.95
1/15/20,1551.9
1/16/20,1555.2
1/17/20,1556.5
1/20/20,1559.25
1/21/20,1556.25
1/22/20,1558.1
1/23/20,1554.05
1/24/20,1561.85
1/27/20,1583.45
1/28/20,1579.6
1/29/20,1571.2
1/30/20,1580.4
1/31/20,1580.85
2/3/20,1578.85
2/4/20,1571.2
2/5/20,1552.2
2/6/20,1564.75
2/7/20,.
2/10/20,1574.05
2/11/20,1567.7
2/12/20,1566.75
2/13/20,1575
2/14/20,1576.35
2/17/20,1580.3
2/18/20,1588.2
2/19/20,1609.5
2/20/20,1610.35
2/21/20,1633.7
2/24/20,1682.35
2/25/20,1655.9
2/26/20,1647.95
2/27/20,1646.6
2/28/20,1626.35
3/2/20,1609.7
3/3/20,1599.05
3/4/20,1644.8
3/5/20,1647.45
3/6/20,1687
3/9/20,1676.6
3/10/20,1657.4
3/11/20,1662.5
3/12/20,1636.65
3/13/20,1588.15
3/16/20,1504.65
3/17/20,1472.35
3/18/20,1506
3/19/20,1480.7
3/20/20,1504.45
3/23/20,1494.5
3/24/20,1599.5
3/25/20,1620.95
3/26/20,1620.1
3/27/20,1621.2
3/30/20,1624.45
3/31/20,1604.65
4/1/20,1594.25
4/2/20,1588.05
4/3/20,1609.75
4/6/20,1636.6
4/7/20,1652.2
4/8/20,1649.05
4/9/20,1662.5
4/10/20,.
4/13/20,.
4/14/20,1715.85
4/15/20,1712.25
4/16/20,1717.85
4/17/20,1693.15
4/20/20,1684.95
4/21/20,1678.6
4/22/20,1702.65
4/23/20,1727.55
4/24/20,1727.25
4/27/20,1717.25
4/28/20,1708.1
4/29/20,1706
4/30/20,1716.75
5/1/20,1673.05
5/4/20,1703.7
5/5/20,1696.3
5/6/20,1698.9
5/7/20,1688.65
5/8/20,.
5/11/20,1698.8
5/12/20,1703.45
5/13/20,1699.85
5/14/20,1716.4
5/15/20,1734.85
5/18/20,1756.9
5/19/20,1735.25
5/20/20,1750.05
5/21/20,1732.8
5/22/20,1732.45
5/25/20,.
5/26/20,1722.75
5/27/20,1705.15
5/28/20,1723.3
5/29/20,1725.65
6/1/20,1734.8
6/2/20,1740.25
6/3/20,1717.6
6/4/20,1706.45
6/5/20,1709.55
6/8/20,1692
6/9/20,1707.5
6/10/20,1717.65
6/11/20,1731.9
6/12/20,1735.85
6/15/20,1710.4
6/16/20,1728.35
6/17/20,1717.3
6/18/20,1732.65
6/19/20,1728.55
6/22/20,1745.45
6/23/20,1756.6
6/24/20,1775.7
6/25/20,1758.55
6/26/20,1762.1
6/29/20,1768.8
6/30/20,1770.7
7/1/20,1787.4
7/2/20,1771.85
7/3/20,1774.65
7/6/20,1774.4
7/7/20,1775.5
7/8/20,1799.35
7/9/20,1812.45
7/10/20,1805.75
7/13/20,1808.05
7/14/20,1798.2
7/15/20,1809.3
7/16/20,1804.6
7/17/20,1802.9
7/20/20,1810.3
7/21/20,1823.2
7/22/20,1851
7/23/20,1882.35
7/24/20,1893.85
7/27/20,1940.55
7/28/20,1931.65
7/29/20,1954.35
7/30/20,1952.2
7/31/20,1974.7
8/3/20,1972.95
8/4/20,1972.25
8/5/20,2034.45
8/6/20,2049.15
8/7/20,2061.5
8/10/20,2030.3
8/11/20,1996.6
8/12/20,1931.7
8/13/20,1931
8/14/20,1948.3
8/17/20,1949.85
8/18/20,2005.15
8/19/20,1993.15
8/20/20,1928.05
8/21/20,1932.85
8/24/20,1947.55
8/25/20,1925.45
8/26/20,1918.5
8/27/20,1938.8
8/28/20,1955.85
8/31/20,.
9/1/20,1987.95
9/2/20,1969
9/3/20,1934.1
9/4/20,1937.6
9/7/20,1928.4
9/8/20,1920.6
9/9/20,1928.4
9/10/20,1944.8
9/11/20,1944.5
9/14/20,1942.3
9/15/20,1963.55
9/16/20,1964.8
9/17/20,1936.1
9/18/20,1954.75
9/21/20,1930.9
9/22/20,1903.1
9/23/20,1888.1
9/24/20,1850.75
9/25/20,1870.05
9/28/20,1850.95
9/29/20,1882.4
9/30/20,1883.4
10/1/20,1895.55
10/2/20,1906.4
10/5/20,1899.65
10/6/20,1912.5
10/7/20,1888
10/8/20,1891.35
10/9/20,1912.4
10/12/20,1919.8
10/13/20,1920.8
10/14/20,1896.45
10/15/20,1891.7
10/16/20,1908.2
10/19/20,1910
10/20/20,1906.35
10/21/20,1918.95
10/22/20,1916.85
10/23/20,1910.6
10/26/20,1901.6
10/27/20,1898.9
10/28/20,1896.85
10/29/20,1876.85
10/30/20,1875.8
11/2/20,1886.75
11/3/20,1899.85
11/4/20,1888.55
11/5/20,1916.8
11/6/20,1947.95
11/9/20,1957.45
11/10/20,1874.9
11/11/20,1876.2
11/12/20,1868
11/13/20,1878.2
11/16/20,1892.6
11/17/20,1885.4
11/18/20,1877.2
11/19/20,1857.4
11/20/20,1867
11/23/20,1863.8
11/24/20,1818.1
11/25/20,1808.55
11/26/20,1814.85
11/27/20,1808.05
11/30/20,1771.95
12/1/20,1796.2
12/2/20,1832.95
12/3/20,1834.8
12/4/20,1839.3
12/7/20,1832.8
12/8/20,1864.5
12/9/20,1859.8
12/10/20,1834.2
12/11/20,1833.65
12/14/20,1820.25
12/15/20,1844.3
12/16/20,1861.35
12/17/20,1871.95
12/18/20,1878.95
12/21/20,1869.25
12/22/20,1873.3
12/23/20,1867.1
12/24/20,1872.55
12/25/20,.
12/28/20,.
12/29/20,1873.9
12/30/20,1877.55
12/31/20,1891.1
1/1/21,.
1/4/21,1930.8
1/5/21,1946.55
1/6/21,1957.2
1/7/21,1911.05
1/8/21,1891.3
1/11/21,1847.8
1/12/21,1861.85
1/13/21,1852.4
1/14/21,1840.25
1/15/21,1853.85
1/18/21,1833.95
1/19/21,1843.1
1/20/21,1854.6
1/21/21,1867.65
1/22/21,1853.6
1/25/21,1855.6
1/26/21,1853.2
1/27/21,1846.4
1/28/21,1839.65
1/29/21,1852.7
2/1/21,1857.8
2/2/21,1847.1
2/3/21,1834.7
2/4/21,1811.55
2/5/21,1808.55
2/8/21,1811.65
2/9/21,1846.55
2/10/21,1843.45
2/11/21,1841.7
2/12/21,1818
2/15/21,1817.45
2/16/21,1823.45
2/17/21,1788.85
2/18/21,1782.8
2/19/21,1773.75
2/22/21,1798.8
2/23/21,1809.5
2/24/21,1807.25
2/25/21,1792.1
2/26/21,1765.1
3/1/21,1746.95
3/2/21,1728.5
3/3/21,1727.05
3/4/21,1710.05
3/5/21,1696.05
3/8/21,1694.45
3/9/21,1702.85
3/10/21,1711.5
3/11/21,1736.35
3/12/21,1703.85
3/15/21,1727.9
3/16/21,1732.3
3/17/21,1736.95
3/18/21,1734.1
3/19/21,1737.2
3/22/21,1733.4
3/23/21,1739.25
3/24/21,1734.05
3/25/21,1729.2
3/26/21,1727.85
3/29/21,1723.95
3/30/21,1696.7
3/31/21,1685.35
4/1/21,1715.85
4/2/21,.
4/5/21,.
4/6/21,1731.05
4/7/21,1736
4/8/21,1743.7
4/9/21,1747.95
4/12/21,1741.55
4/13/21,1728.1
4/14/21,1743.3
4/15/21,1748
4/16/21,1766.45
4/19/21,1788.4
4/20/21,1765.5
4/21/21,1781.05
4/22/21,1785.65
4/23/21,1785.3
4/26/21,1779.65
4/27/21,1780.9
4/28/21,1764.15
4/29/21,1774.65
4/30/21,1768.8
5/3/21,.
5/4/21,1784.95
5/5/21,1778.05
5/6/21,1793.15
5/7/21,1820.5
5/10/21,1834.15
5/11/21,1837.15
5/12/21,1833.6
5/13/21,1814.3
5/14/21,1833.5
5/17/21,1848.45
5/18/21,1867.4
5/19/21,1860
5/20/21,1869.35
5/21/21,1877.65
5/24/21,1876.85
5/25/21,1882.8
5/26/21,1904.3
5/27/21,1895.05
5/28/21,1892.45
5/31/21,.
6/1/21,1907.7
6/2/21,1895.9
6/3/21,1892.15
6/4/21,1869.55
6/7/21,1882.05
6/8/21,1892.05
6/9/21,1890.45
6/10/21,1882
6/11/21,1891.95
6/14/21,1859.75
6/15/21,1863.85
6/16/21,1858.1
6/17/21,1806.75
6/18/21,1792.35
6/21/21,1782.45
6/22/21,1779.1
6/23/21,1782.9
6/24/21,1780.2
6/25/21,1783.25
6/28/21,1774.25
6/29/21,1769.6
6/30/21,1757.8
7/1/21,1774
7/2/21,1783.5
7/5/21,1790.95
7/6/21,1807.8
7/7/21,1804.25
7/8/21,1810.25
7/9/21,1803.4
7/12/21,1802.95
7/13/21,1807.85
7/14/21,1813.05
7/15/21,1832
7/16/21,1822
7/19/21,1803.25
7/20/21,1815.3
7/21/21,1805.9
7/22/21,1797.4
7/23/21,1803.05
7/26/21,1808.15
7/27/21,1797.15
7/28/21,1799.3
7/29/21,1819.45
7/30/21,1828.25
8/2/21,1807.55
8/3/21,1809.7
8/4/21,1812.45
8/5/21,1811.2
8/6/21,1799.45
8/9/21,1741.5
8/10/21,1729.55
8/11/21,1734.05
8/12/21,1755.5
8/13/21,1757.65
8/16/21,1775.75
8/17/21,1794.05
8/18/21,1788.1
8/19/21,1788.2
8/20/21,1782.95
8/23/21,1786.9
8/24/21,1802.95
8/25/21,1794.7
8/26/21,1783.8
8/27/21,1795.5
8/30/21,.
8/31/21,1814.3
9/1/21,1813.9
9/2/21,1815.15
9/3/21,1812.05
9/6/21,1823.85
9/7/21,1810.75
9/8/21,1797.95
9/9/21,1795.35
9/10/21,1799.9
9/13/21,1787.85
9/14/21,1788.65
9/15/21,1801.4
9/16/21,1781.45
9/17/21,1766.1
9/20/21,1757.15
9/21/21,1766.45
9/22/21,1775.35
9/23/21,1771.05
9/24/21,1755.15
9/27/21,1749.15
9/28/21,1739.65
9/29/21,1741.65
9/30/21,1730.95
10/1/21,1755.6
10/4/21,1751.85
10/5/21,1758
10/6/21,1748.25
10/7/21,1758.55
10/8/21,1757.5
10/11/21,1752.55
10/12/21,1759.1
10/13/21,1767.45
10/14/21,1797.15
10/15/21,1781.45
10/18/21,1762.45
10/19/21,1779.4
10/20/21,1778.15
10/21/21,1785.3
10/22/21,1792.3
10/25/21,1799.2
10/26/21,1801.9
10/27/21,1783.85
10/28/21,1798.2
10/29/21,1796.3
11/1/21,1786.55
11/2/21,1791.5
11/3/21,1781.85
11/4/21,1778.1
11/5/21,1793.2
11/8/21,1818
11/9/21,1824.4
11/10/21,1824.95
11/11/21,1859.25
11/12/21,1850
11/15/21,1863.8
11/16/21,1872.25
11/17/21,1858.45
11/18/21,1860.5
11/19/21,1861.4
11/22/21,1841.1
11/23/21,1797.3
11/24/21,1790.8
11/25/21,1790.65
11/26/21,1809.8
11/29/21,1795
11/30/21,1797.6
12/1/21,1786.8
12/2/21,1775.7
12/3/21,1773.5
12/6/21,1781.25
12/7/21,1779.65
12/8/21,1789.8
12/9/21,1783.4
12/10/21,1771.9
12/13/21,1784.45
12/14/21,1782.35
12/15/21,1769.4
12/16/21,1785.15
12/17/21,1807.5
12/20/21,1797.4
12/21/21,1795.85
12/22/21,1789.9
12/23/21,1805.55
12/24/21,1786.05
12/27/21,.
12/28/21,.
12/29/21,1796.35
12/30/21,1799.25
12/31/21,1820.1
1/3/22,.
1/4/22,1809.05
1/5/22,1818.5
1/6/22,1804.95
1/7/22,1792.2